{"cameraMode":{"drawMode":0,"name":"Shaded","section":"Shading Mode"},"sceneLighting":true,"audioPlay":false,"sceneViewState":{"showFog":true,"showMaterialUpdate":false,"showSkybox":true,"showFlares":true,"showImageEffects":true,"showParticleSystems":true},"in2DMode":false,"pivot":{"x":-1.6180717945098878,"y":1.4307506084442139,"z":0.45662927627563479},"rotation":{"x":-0.0012621157802641392,"y":0.9985273480415344,"z":-0.04729077219963074,"w":-0.026661481708288194},"size":12.051409721374512,"orthographic":false}